details,title,spec,ratt
https://www.swiggy.com/restaurants/food-factory-sahid-nagar-bhubaneswar-83409,Food Factory,"Indian, Biryani, Chinese",4.0•31 MINS•₹300 FOR TWO
https://www.swiggy.com/restaurants/kohinoor-fast-food-rasulgarh-bhubaneswar-294265,KOHINOOR FAST FOOD,Indian,--•31 MINS•₹250 FOR TWO
https://www.swiggy.com/restaurants/kfc-esplanade-rasulgarh-bhubaneswar-94382,KFC,"American, Fast Food, Snacks",4.0•31 MINS•₹400 FOR TWO
https://www.swiggy.com/restaurants/hotel-maharaja-and-fast-food-fire-station-khandagiri-bhubaneswar-85777,Hotel Maharaja and Fast Food,"Indian, Chinese, Tandoor, Biryani",3.7•51 MINS•₹250 FOR TWO
https://www.swiggy.com/restaurants/adis-dhaba-shuddha-desi-odia-khadya-old-bbsr-bhubaneswar-340242,ADI'S DHABA ( SHUDDHA DESI ODIA KHADYA ),Indian,3.6•31 MINS•₹400 FOR TWO
https://www.swiggy.com/restaurants/keventers-milkshakes-and-ice-creams-esplande-mall-rasulgarh-bhubaneswar-86982,Keventers - Milkshakes & Ice Creams,"Beverages, Ice Cream, Desserts, Healthy Food",4.3•33 MINS•₹300 FOR TWO
https://www.swiggy.com/restaurants/venus-inn-restaurant-bapuji-nagar-old-bbsr-bhubaneswar-124810,Venus Inn Restaurant,"South Indian, Indian",4.1•39 MINS•₹250 FOR TWO
https://www.swiggy.com/restaurants/cinnabon-and-auntie-annes-esplanade-one-rasulgarh-bhubaneswar-94919,Cinnabon & Auntie Anne's,Fast Food,4.4•26 MINS•₹450 FOR TWO
https://www.swiggy.com/restaurants/house-of-biryani-jayadev-vihar-nayapalli-bhubaneswar-119868,House Of Biryani,"Indian, Chinese",3.8•33 MINS•₹200 FOR TWO
https://www.swiggy.com/restaurants/rolls-on-wheels-technology-corridor-patia-bhubaneswar-74929,Rolls On Wheels,Fast Food,4.1•51 MINS•₹100 FOR TWO
https://www.swiggy.com/restaurants/red-spicy-sahid-nagar-bhubaneswar-209209,Red Spicy,Biryani,--•31 MINS•₹250 FOR TWO
https://www.swiggy.com/restaurants/biriyani-box-sahid-nagar-bhubaneswar-76135,Biriyani Box,"Biryani, Kebabs, Fast Food, Indian, Desserts",4.1•28 MINS•₹300 FOR TWO
https://www.swiggy.com/restaurants/seasoning-kitchen-chandrashekarpur-bhubaneswar-133354,Seasoning Kitchen,"Indian, Chinese, Tandoor, Continental",4.1•68 MINS•₹250 FOR TWO
https://www.swiggy.com/restaurants/shake-speare-old-bbsr-bhubaneswar-328121,Shake Speare,Beverages,4.3•28 MINS•₹200 FOR TWO
https://www.swiggy.com/restaurants/baskin-robbins-forum-esplanade-mall-rasulgarh-bhubaneswar-111281,Baskin Robbins,"Desserts, Ice Cream",4.4•34 MINS•₹200 FOR TWO
https://www.swiggy.com/restaurants/punjab-kitchen-sahid-nagar-bhubaneswar-333162,PUNJAB KITCHEN,"Indian, Biryani",4.1•51 MINS•₹200 FOR TWO
https://www.swiggy.com/restaurants/foresta-ac-family-restaurant-sahid-nagar-bhubaneswar-78065,Foresta AC Family Restaurant,"Chinese, North Indian, Fast Food",3.9•33 MINS•₹300 FOR TWO
https://www.swiggy.com/restaurants/keyars-food-sahid-nagar-old-bbsr-bhubaneswar-75643,Keyar's Food,South Indian,4.0•40 MINS•₹200 FOR TWO
https://www.swiggy.com/restaurants/chai-break-sahid-nagar-sahid-nagar-bhubaneswar-94423,Chai Break- Sahid Nagar,"Indian, Chinese, Pizzas, Italian, Pastas, Combo, Beverages",4.0•34 MINS•₹500 FOR TWO
https://www.swiggy.com/restaurants/silver-streak-sahid-nagar-bhubaneswar-81807,Silver Streak,"Chinese, Thai",4.1•30 MINS•₹400 FOR TWO
https://www.swiggy.com/restaurants/shree-bidya-ganguram-sahid-nagar-bhubaneswar-376007,SHREE BIDYA GANGURAM,"Sweets, Snacks",3.6•27 MINS•₹200 FOR TWO
https://www.swiggy.com/restaurants/frozit-sahid-nagar-bhubaneswar-368048,Frozit,"Biryani, Chinese, North Indian, Fast Food",--•31 MINS•₹250 FOR TWO
https://www.swiggy.com/restaurants/biriyani-box-sahid-nagar-bhubaneswar-76135,Biriyani Box,"Biryani, Kebabs, Fast Food, Indian, Desserts",4.1•28 MINS•₹300 FOR TWO
https://www.swiggy.com/restaurants/the-belgian-waffle-co-saheed-nagar-sahid-nagar-bhubaneswar-341979,The Belgian Waffle Co.,"Desserts, Beverages",4.5•35 MINS•₹200 FOR TWO
https://www.swiggy.com/restaurants/taste-of-china-saheed-nagar-sahid-nagar-bhubaneswar-93057,Taste Of China,Chinese,4.2•33 MINS•₹350 FOR TWO
https://www.swiggy.com/restaurants/wow-burger-sahid-nagar-bhubaneswar-379261,Wow Burger,"Continental, Fast Food, Snacks",--•38 MINS•₹250 FOR TWO
https://www.swiggy.com/restaurants/go-rolls-sahid-nagar-bhubaneswar-350023,Go Rolls,"Indian, Snacks, Bakery",--•38 MINS•₹250 FOR TWO
https://www.swiggy.com/restaurants/tawaa-tandoor-sahid-nagar-bhubaneswar-77316,Tawaa Tandoor,"Indian, Chinese, Biryani",4.0•29 MINS•₹300 FOR TWO
https://www.swiggy.com/restaurants/amrut-food-palace-sahid-nagar-bhubaneswar-353434,AMRUT FOOD PALACE,"Indian, Chinese, Biryani, Snacks, Beverages, Sweets, Fast Food, South Indian",3.0•41 MINS•₹300 FOR TWO
https://www.swiggy.com/restaurants/burger-king-esplanade-one-mall-rasulgarh-bhubaneswar-92284,Burger King,"American, Fast Food",4.3•41 MINS•₹350 FOR TWO
https://www.swiggy.com/restaurants/winni-cakes-and-more-sahid-nagar-bhubaneswar-340048,Winni Cakes & More,"Bakery, Desserts, Snacks",--•42 MINS•₹300 FOR TWO
https://www.swiggy.com/restaurants/box9-sahid-nagar-bhubaneswar-298354,BOX9,"Indian, Chinese",3.9•42 MINS•₹250 FOR TWO
https://www.swiggy.com/restaurants/biryani-five-star-sahid-nagar-bhubaneswar-328071,BIRYANI FIVE STAR,Fast Food,3.2•31 MINS•₹200 FOR TWO
https://www.swiggy.com/restaurants/five-star-kitchen-sahid-nagar-bhubaneswar-263496,FIVE STAR KITCHEN,Cafe,--•31 MINS•₹400 FOR TWO
https://www.swiggy.com/restaurants/hotel-venus-legacy-sahid-nagar-bhubaneswar-309007,HOTEL VENUS LEGACY,Indian,--•42 MINS•₹250 FOR TWO
https://www.swiggy.com/restaurants/go-cool-saheed-nagar-sahid-nagar-bhubaneswar-113288,Go cool,Continental,4.4•31 MINS•₹150 FOR TWO
https://www.swiggy.com/restaurants/rice-bowl-sahid-nagar-bhubaneswar-319108,RICE BOWL,Indian,4.2•32 MINS•₹200 FOR TWO
https://www.swiggy.com/restaurants/monginis-sahid-nagar-bhubaneswar-138887,Monginis,"Fast Food, Desserts",4.2•21 MINS•₹100 FOR TWO
https://www.swiggy.com/restaurants/combi-nation-sahid-nagar-bhubaneswar-193554,Combi-Nation,Indian,3.8•36 MINS•₹250 FOR TWO
https://www.swiggy.com/restaurants/k-r-kitchen-a-unit-of-city-catering-sahid-nagar-bhubaneswar-319438,K.R. KITCHEN (A UNIT OF CITY CATERING),"Indian, Chinese",--•27 MINS•₹300 FOR TWO
https://www.swiggy.com/restaurants/creme-shakes-bmc-bhawani-mall-sahid-nagar-bhubaneswar-159674,Creme Shakes,"Beverages, Desserts",4.5•25 MINS•₹150 FOR TWO
https://www.swiggy.com/restaurants/99-bakers-street-sahid-nagar-bhubaneswar-251349,99 BAKERS STREET,Bakery,4.0•22 MINS•₹250 FOR TWO
https://www.swiggy.com/restaurants/giani-bmc-bhwani-mall-sahid-nagar-bhubaneswar-78064,Giani,"Ice Cream, Desserts",4.0•21 MINS•₹200 FOR TWO
https://www.swiggy.com/restaurants/foods-day-sahid-nagar-bhubaneswar-377342,FOODS DAY,"Chinese, Indian",4.1•26 MINS•₹150 FOR TWO
https://www.swiggy.com/restaurants/the-chocolate-house-sahid-nagar-bhubaneswar-75642,The Chocolate House,Cafe,4.0•43 MINS•₹500 FOR TWO
https://www.swiggy.com/restaurants/creme-berry-sahid-nagar-bhubaneswar-157952,Creme Berry,"Ice Cream, Desserts",--•34 MINS•₹150 FOR TWO
https://www.swiggy.com/restaurants/drunken-monkey-sahid-nagar-bhubaneswar-345913,DRUNKEN MONKEY,"Healthy Food, Beverages, Juices",3.9•30 MINS•₹250 FOR TWO
https://www.swiggy.com/restaurants/fru-jui-sahid-nagar-bhubaneswar-357711,FRU-JUI,"Juices, Beverages, Fast Food, Combo",3.6•46 MINS•₹300 FOR TWO
https://www.swiggy.com/restaurants/bowl-break-bmc-mall-nayapalli-sahid-nagar-bhubaneswar-94422,Bowl Break - BMC Mall,"Indian, Chinese, Continental, Pastas, Italian, Bowl Company,  Keventers & more, ...",4.1•39 MINS•₹300 FOR TWO
https://www.swiggy.com/restaurants/kalinga-kitchen-sahid-nagar-bhubaneswar-291232,KALINGA KITCHEN,Indian,--•25 MINS•₹300 FOR TWO
https://www.swiggy.com/restaurants/banarasi-paan-bhandar-sahid-nagar-bhubaneswar-292216,BANARASI PAAN BHANDAR,Snacks,4.5•34 MINS•₹200 FOR TWO
https://www.swiggy.com/restaurants/manomay-laxmi-sagar-rasulgarh-bhubaneswar-113267,Manomay,"Fast Food, Snacks, South Indian, Desserts, Sweets",4.3•29 MINS•₹150 FOR TWO
https://www.swiggy.com/restaurants/chilly-and-chilly-near-rd-womens-college-sahid-nagar-bhubaneswar-91701,Chilly & Chilly,Fast Food,--•28 MINS•₹200 FOR TWO
https://www.swiggy.com/restaurants/pizza-hut-kharval-nagar-sahid-nagar-bhubaneswar-78951,Pizza Hut,"Fast Food, Pizzas",4.1•37 MINS•₹350 FOR TWO
https://www.swiggy.com/restaurants/keventers-ice-creamery-esplande-mall-sahid-nagar-bhubaneswar-377063,Keventers Ice Creamery,"Ice Cream, Desserts",--•30 MINS•₹300 FOR TWO
https://www.swiggy.com/restaurants/bhaina-hotel-and-fast-food-near-voltas-pvt-sahid-nagar-bhubaneswar-82520,Bhaina Hotel And Fast Food,"Indian, Chinese, Biryani, Oriya",3.5•30 MINS•₹200 FOR TWO
https://www.swiggy.com/restaurants/narula-ice-world-sahid-nagar-bhubaneswar-209935,Narula Ice World,"Sweets, Snacks, Desserts",4.2•26 MINS•₹100 FOR TWO
https://www.swiggy.com/restaurants/maa-shyamkali-fast-food-and-hotel-rasulgarh-bhubaneswar-382243,Maa Shyamkali fast Food and Hotel,"Street Food, Indian, Thalis",--•33 MINS•₹150 FOR TWO
https://www.swiggy.com/restaurants/shake-speare-old-bbsr-bhubaneswar-328121,Shake Speare,Beverages,4.3•28 MINS•₹200 FOR TWO
https://www.swiggy.com/restaurants/yo-panda-sahid-nagar-old-bbsr-bhubaneswar-295735,Yo Panda,"Fast Food, Chinese",4.2•30 MINS•₹200 FOR TWO
https://www.swiggy.com/restaurants/hotel-priya-sahid-nagar-bhubaneswar-220445,Hotel Priya,"Biryani, Chinese, North Indian, Snacks, Tandoor",4.3•38 MINS•₹300 FOR TWO
https://www.swiggy.com/restaurants/adda-unplugged-old-bbsr-bhubaneswar-222436,Adda Unplugged,"Chinese, Continental, Indian, Mexican",4.2•34 MINS•₹300 FOR TWO
https://www.swiggy.com/restaurants/kfc-esplanade-rasulgarh-bhubaneswar-94382,KFC,"American, Fast Food, Snacks",4.0•31 MINS•₹400 FOR TWO
https://www.swiggy.com/restaurants/el-arabia-the-kitchen-sahid-nagar-bhubaneswar-385138,EL-ARABIA THE KITCHEN,Indian,--•37 MINS•₹150 FOR TWO
https://www.swiggy.com/restaurants/the-super-bowl-sahid-nagar-bhubaneswar-379869,The Super Bowl,"Biryani, Indian",--•32 MINS•₹250 FOR TWO
https://www.swiggy.com/restaurants/truptee-restaurant-madhusudan-nagar-unit4-sahid-nagar-bhubaneswar-107331,Truptee Restaurant,"Indian, Chinese",4.2•33 MINS•₹250 FOR TWO
https://www.swiggy.com/restaurants/mohans-handi-biriyani-square-rasulgarh-bhubaneswar-115589,Mohan's Handi Biriyani,"Indian, Chinese, Tandoor",2.9•31 MINS•₹200 FOR TWO
https://www.swiggy.com/restaurants/mirch-masala-the-new-marrion-hotel-janpath-sahid-nagar-bhubaneswar-122349,Mirch Masala-The New Marrion Hotel,Indian,4.3•44 MINS•₹600 FOR TWO
https://www.swiggy.com/restaurants/9th-street-unit-4-sahid-nagar-bhubaneswar-77339,9th Street,"North Indian, Chinese, Continental, Beverages",4.0•45 MINS•₹600 FOR TWO
https://www.swiggy.com/restaurants/oberai-bakers-and-cafe-rasulgarh-bhubaneswar-191689,Oberai Bakers & Cafe ,"Bakery, Chinese, Continental",4.1•38 MINS•₹400 FOR TWO
https://www.swiggy.com/restaurants/hide-away-restro-and-cafe-unit-4-sahid-nagar-bhubaneswar-77318,Hide Away Restro and Cafe,North Indian,--•44 MINS•₹600 FOR TWO
https://www.swiggy.com/restaurants/rajdhani-hotel-sahid-nagar-old-bbsr-bhubaneswar-98318,Rajdhani Hotel,"North Indian, Chinese, Biryani, Thalis, Seafood, Fast Food",3.5•44 MINS•₹150 FOR TWO
https://www.swiggy.com/restaurants/house-of-biryani-jayadev-vihar-nayapalli-bhubaneswar-119868,House Of Biryani,"Indian, Chinese",3.8•33 MINS•₹200 FOR TWO
https://www.swiggy.com/restaurants/keventers-milkshakes-and-ice-creams-esplande-mall-rasulgarh-bhubaneswar-86982,Keventers - Milkshakes & Ice Creams,"Beverages, Ice Cream, Desserts, Healthy Food",4.3•33 MINS•₹300 FOR TWO
https://www.swiggy.com/restaurants/cinnabon-and-auntie-annes-esplanade-one-rasulgarh-bhubaneswar-94919,Cinnabon & Auntie Anne's,Fast Food,4.4•26 MINS•₹450 FOR TWO
https://www.swiggy.com/restaurants/street-foods-by-punjab-grill-esplande-rasulgarh-bhubaneswar-82619,Street Foods By Punjab Grill,"North Indian, Indian, Biryani, Punjabi, Fast Food, Kebabs, Mughlai, Desserts",4.0•43 MINS•₹350 FOR TWO
https://www.swiggy.com/restaurants/cheese-n-burger-madhusudan-nagar-sahid-nagar-bhubaneswar-380791,Cheese N Burger,"Continental, Chinese, Beverages",--•38 MINS•₹150 FOR TWO
https://www.swiggy.com/restaurants/the-chefs-kitchen-sahid-nagar-bhubaneswar-337941,THE CHEFS KITCHEN,"Indian, Chinese, Tandoor",--•39 MINS•₹500 FOR TWO
https://www.swiggy.com/restaurants/burger-queen-sahid-nagar-bhubaneswar-342173,Burger Queen,"Fast Food, American, Italian, Snacks",3.8•48 MINS•₹150 FOR TWO
https://www.swiggy.com/restaurants/linkunara-the-kitchen-satya-nagar-near-forum-mall-sahid-nagar-bhubaneswar-220513,Linkunara_The Kitchen,"American, Fast Food, Indian, North Indian, Combo, Desserts, Biryani",3.8•50 MINS•₹200 FOR TWO
https://www.swiggy.com/restaurants/chilis-american-grill-and-bar-esplanade-one-sahid-nagar-bhubaneswar-94911,Chili's American Grill & Bar,"American, Salads, Mexican, Italian, Steakhouse",4.3•37 MINS•₹900 FOR TWO
https://www.swiggy.com/restaurants/sai-miracle-hotel-sahid-nagar-bhubaneswar-378836,SAI MIRACLE HOTEL,"Chinese, Indian, Snacks",2.8•34 MINS•₹300 FOR TWO
https://www.swiggy.com/restaurants/baskin-robbins-forum-esplanade-mall-rasulgarh-bhubaneswar-111281,Baskin Robbins,"Desserts, Ice Cream",4.4•34 MINS•₹200 FOR TWO
https://www.swiggy.com/restaurants/afiya-delight-kharavel-nagar-old-bbsr-bhubaneswar-84929,Afiya Delight,"Indian, Chinese, Tandoor",3.9•37 MINS•₹250 FOR TWO
https://www.swiggy.com/restaurants/ollywood-hotel-unit-4-sahid-nagar-bhubaneswar-121572,Ollywood Hotel,"Oriya, Indian, Biryani, North Indian, Chinese, Snacks, Combo",3.0•38 MINS•₹150 FOR TWO
https://www.swiggy.com/restaurants/asia-seven-esplande-rasulgarh-bhubaneswar-82621,Asia Seven,"Pan-Asian, Chinese, Seafood, Thai, Asian",4.1•37 MINS•₹350 FOR TWO
https://www.swiggy.com/restaurants/food-funky-khardha-rasulgarh-bhubaneswar-261026,FOOD FUNKY,"Indian, Chinese, Biryani",3.7•36 MINS•₹150 FOR TWO
https://www.swiggy.com/restaurants/dominos-pizza-janpath-road-sahid-nagar-bhubaneswar-74476,Domino's Pizza,Pizzas,4.6•30 MINS•₹400 FOR TWO
https://www.swiggy.com/restaurants/biriyani-box-laxmi-sagar-old-bbsr-bhubaneswar-106233,Biriyani Box,"Biryani, Kebabs, Fast Food, Desserts, Indian",4.0•31 MINS•₹200 FOR TWO
https://www.swiggy.com/restaurants/the-cake-cafe-old-bbsr-bhubaneswar-246300,THE CAKE CAFE,Bakery,--•32 MINS•₹200 FOR TWO
https://www.swiggy.com/restaurants/wayside-food-park-jaydev-vihar-sahid-nagar-bhubaneswar-111389,Wayside Food Park,"Indian, Chinese, Tandoor",--•27 MINS•₹300 FOR TWO
https://www.swiggy.com/restaurants/monginis-sahid-nagar-bhubaneswar-373589,MONGINIS,"Bakery, Snacks, Indian",4.3•27 MINS•₹280 FOR TWO
https://www.swiggy.com/restaurants/madmule-near-dominos-pizza-old-bbsr-bhubaneswar-89499,MadMule,"Indian, Chinese, Tandoor, Continental",4.1•54 MINS•₹500 FOR TWO
https://www.swiggy.com/restaurants/cafe-coffee-day-marrion-sahid-nagar-bhubaneswar-178074,Cafe coffee day,"Beverages, Snacks, Desserts",4.0•37 MINS•₹300 FOR TWO
https://www.swiggy.com/restaurants/kbr-roll-and-rolls-sahid-nagar-bhubaneswar-83389,Kbr Roll and Rolls,Fast Food,4.2•36 MINS•₹150 FOR TWO
https://www.swiggy.com/restaurants/hotel-new-taste-rasulgarh-bhubaneswar-308105,HOTEL NEW TASTE,Indian,--•30 MINS•₹200 FOR TWO
https://www.swiggy.com/restaurants/shanghai-express-the-new-marrion-hotel-janpath-sahid-nagar-bhubaneswar-122350,Shanghai Express-The New Marrion Hotel,Chinese,3.9•46 MINS•₹600 FOR TWO
https://www.swiggy.com/restaurants/bling-it-on-the-new-marrion-hotel-janpath-sahid-nagar-bhubaneswar-122348,Bling It On-The New Marrion Hotel,"Indian, Continental",4.3•43 MINS•₹700 FOR TWO
https://www.swiggy.com/restaurants/bhuri-bhoj-sahid-nagar-bhubaneswar-346519,BHURI BHOJ,Bengali,3.8•36 MINS•₹200 FOR TWO
https://www.swiggy.com/restaurants/green-coriander-sahid-nagar-bhubaneswar-193244,Green Coriander,"Biryani, Fast Food",--•30 MINS•₹300 FOR TWO
https://www.swiggy.com/restaurants/brew-xpresz-jaydev-vihar-near-pal-heights-sahid-nagar-bhubaneswar-305733,BREW XPRESZ,"Pizzas, Pastas, Beverages",3.4•34 MINS•₹300 FOR TWO
https://www.swiggy.com/restaurants/momo-cafe-unit-4-mla-colony-sahid-nagar-bhubaneswar-164529,Momo Cafe,"Indian, Chinese",4.4•25 MINS•₹150 FOR TWO
https://www.swiggy.com/restaurants/qdoba-satya-nagar-sahid-nagar-bhubaneswar-77321,Qdoba,"Mexican, Fast Food",4.3•33 MINS•₹200 FOR TWO
https://www.swiggy.com/restaurants/eafo-food-ward-36-sastrinagar-nayapalli-bhubaneswar-360849,EAFO Food,"Biryani, Chinese, Indian, Thalis",3.9•57 MINS•₹100 FOR TWO
https://www.swiggy.com/restaurants/suvys-cafe-near-medplus-sahid-nagar-bhubaneswar-82420,suvy's Cafe,"Indian, Chinese",4.0•36 MINS•₹150 FOR TWO
https://www.swiggy.com/restaurants/amrut-ganguram-sahid-nagar-bhubaneswar-343018,AMRUT GANGURAM,Sweets,--•27 MINS•₹200 FOR TWO
https://www.swiggy.com/restaurants/south-express-laxmi-sagar-old-bbsr-bhubaneswar-106176,South Express,"Indian, Chinese, Tandoor, South Indian, Combo, Beverages",4.1•41 MINS•₹150 FOR TWO
https://www.swiggy.com/restaurants/bocca-cafe-kharbela-nagar-old-bbsr-bhubaneswar-78062,Bocca Cafe,"Cafe, Italian, Continental",4.1•37 MINS•₹500 FOR TWO
https://www.swiggy.com/restaurants/go-rolls-old-bbsr-bhubaneswar-349588,Go Rolls,Indian,--•32 MINS•₹250 FOR TWO
https://www.swiggy.com/restaurants/adis-dhaba-shuddha-desi-odia-khadya-old-bbsr-bhubaneswar-340242,ADI'S DHABA ( SHUDDHA DESI ODIA KHADYA ),Indian,3.6•31 MINS•₹400 FOR TWO
https://www.swiggy.com/restaurants/froot-e-lite-master-canteen-sahid-nagar-bhubaneswar-100313,froot-e-lite,"Fast Food, Snacks, Biryani, Indian, Chinese, Combo, Pastas, Healthy Food, Salads",3.1•41 MINS•₹250 FOR TWO
https://www.swiggy.com/restaurants/biranj-kharvel-nagar-sahid-nagar-bhubaneswar-359483,BIRANJ,Indian,--•48 MINS•₹300 FOR TWO
https://www.swiggy.com/restaurants/pipul-restaurant-mancheswar-rasulgarh-bhubaneswar-102618,Pipul Restaurant,"Indian, Chinese",4.2•34 MINS•₹250 FOR TWO
https://www.swiggy.com/restaurants/kohinoor-fast-food-rasulgarh-bhubaneswar-294265,KOHINOOR FAST FOOD,Indian,--•31 MINS•₹250 FOR TWO
https://www.swiggy.com/restaurants/sarbeswar-canteen-sahid-nagar-bhubaneswar-302370,SARBESWAR CANTEEN,Indian,3.8•33 MINS•₹200 FOR TWO
https://www.swiggy.com/restaurants/hot-pot-bites-rasulgarh-bhubaneswar-362007,HOT POT BITES,"Chinese, Seafood, South Indian",--•45 MINS•₹200 FOR TWO
https://www.swiggy.com/restaurants/balaji-south-indian-old-bbsr-bhubaneswar-230872,Balaji South Indian,South Indian,4.3•37 MINS•₹100 FOR TWO
https://www.swiggy.com/restaurants/melting-pot-kharabela-nagar-old-bbsr-bhubaneswar-123237,Melting Pot,"Indian, Chinese, Tandoor",3.9•50 MINS•₹200 FOR TWO
https://www.swiggy.com/restaurants/brown-n-cream-by-swosti-grand-old-bbsr-bhubaneswar-381243,Brown N Cream By Swosti Grand,"Desserts, Bakery, Biryani, Snacks, Fast Food",3.8•28 MINS•₹500 FOR TWO
https://www.swiggy.com/restaurants/kanha-food-court-sahid-nagar-bhubaneswar-375848,KANHA FOOD COURT,"Chinese, Continental",--•35 MINS•₹200 FOR TWO
https://www.swiggy.com/restaurants/chapan-bhog-jaydev-vihar-nayapalli-bhubaneswar-110185,Chapan Bhog,"Sweets, Indian, Desserts",4.1•33 MINS•₹150 FOR TWO
https://www.swiggy.com/restaurants/tasty-foods-sahid-nagar-bhubaneswar-372667,Tasty Foods,Chinese,--•38 MINS•₹300 FOR TWO
https://www.swiggy.com/restaurants/aqua-by-swosti-grand-old-bbsr-bhubaneswar-381247,Aqua By Swosti Grand,"North Indian, Biryani, Chinese",--•38 MINS•₹1600 FOR TWO
https://www.swiggy.com/restaurants/sai-food-villa-ekamra-vihar-kharabela-nagar-sahid-nagar-bhubaneswar-78456,Sai Food Villa,"Indian, Chinese",--•48 MINS•₹200 FOR TWO
https://www.swiggy.com/restaurants/shree-kunj-ashok-nagar-old-bbsr-bhubaneswar-106173,Shree Kunj,"North Indian, South Indian, Chinese, Fast Food, Street Food, Sweets, Thalis, Raj...",4.1•37 MINS•₹300 FOR TWO
https://www.swiggy.com/restaurants/madhuban-restaurant-jayadev-vihar-nayapalli-bhubaneswar-163548,Madhuban Restaurant,Fast Food,3.8•39 MINS•₹250 FOR TWO
https://www.swiggy.com/restaurants/jugaad-jn-lakshmi-sagar-old-bbsr-bhubaneswar-108474,Jugaad Jn,"Indian, Snacks, South Indian, Desserts, Sweets",3.9•37 MINS•₹250 FOR TWO
https://www.swiggy.com/restaurants/taste-of-china-bapuji-nagar-old-bbsr-bhubaneswar-106216,Taste Of China,Chinese,4.2•43 MINS•₹500 FOR TWO
https://www.swiggy.com/restaurants/cream-stone-pal-heights-nayapalli-bhubaneswar-128271,Cream Stone,"Ice Cream, Desserts, Beverages",4.5•30 MINS•₹200 FOR TWO
https://www.swiggy.com/restaurants/sri-kunj-fast-food-ig-park-road-old-bbsr-bhubaneswar-213981,Sri Kunj Fast Food,"Biryani, Chinese, Indian",4.0•37 MINS•₹250 FOR TWO
https://www.swiggy.com/restaurants/narulas-restaurant-old-bbsr-bhubaneswar-188932,Narula's Restaurant,"North Indian, Biryani, Indian, Chinese, Beverages, Punjabi, Desserts",4.1•45 MINS•₹500 FOR TWO
https://www.swiggy.com/restaurants/world-baker-sahid-nagar-bhubaneswar-305041,WORLD BAKER,Bakery,--•36 MINS•₹200 FOR TWO
https://www.swiggy.com/restaurants/zaika-pal-heights-nayapalli-bhubaneswar-220934,Zaika - Pal Heights,"North Indian, Chinese, Tandoor",--•52 MINS•₹600 FOR TWO
https://www.swiggy.com/restaurants/pabrais-fresh-and-naturelle-ice-creams-sahid-nagar-bhubaneswar-335166,Pabrais Fresh and Naturelle Ice creams,Ice Cream,4.4•26 MINS•₹300 FOR TWO
https://www.swiggy.com/restaurants/maa-tasty-momos-soup-old-bbsr-bhubaneswar-374928,MAA TASTY MOMOS  SOUP,"Street Food, Snacks, Indian",--•32 MINS•₹100 FOR TWO
https://www.swiggy.com/restaurants/vadilal-ice-creams-nayapalli-bhubaneswar-320382,Vadilal Ice Creams,Ice Cream Cakes,4.6•32 MINS•₹300 FOR TWO
https://www.swiggy.com/restaurants/cha-biscuit-sainik-school-gate-sahid-nagar-bhubaneswar-157949,Cha Biscuit,Snacks,4.1•50 MINS•₹150 FOR TWO
https://www.swiggy.com/restaurants/sahoos-kitchen-old-bbsr-bhubaneswar-331136,SAHOOS KITCHEN,"Indian, Chinese",3.4•50 MINS•₹300 FOR TWO
https://www.swiggy.com/restaurants/kalpana-hotel-and-kolkata-roll-sainik-school-square-chandrashekarpur-bhubaneswar-297569,KALPANA HOTEL AND KOLKATA ROLL,"Biryani, Ice Cream, Indian",2.6•39 MINS•₹350 FOR TWO
https://www.swiggy.com/restaurants/meal-jn-old-bbsr-bhubaneswar-295736,Meal jn,"North Indian, Thalis",3.9•49 MINS•₹250 FOR TWO
https://www.swiggy.com/restaurants/capital-kitchen-ashok-nagar-old-bbsr-bhubaneswar-305043,CAPITAL KITCHEN,Indian,3.3•44 MINS•₹200 FOR TWO
https://www.swiggy.com/restaurants/ubq-by-barbeque-nation-sachivalay-marg-chandrashekarpur-bhubaneswar-126295,UBQ by Barbeque Nation,"North Indian, Mughlai, Seafood, Biryani, Desserts, Kebabs",3.7•48 MINS•₹300 FOR TWO
https://www.swiggy.com/restaurants/golden-bird-hotel-pushpak-lakshmi-sagar-old-bbsr-bhubaneswar-118436,Golden Bird - Hotel Pushpak,"Indian, Chinese, Tandoor",4.2•39 MINS•₹200 FOR TWO
https://www.swiggy.com/restaurants/brown-n-cream-by-swosti-premium-sahid-nagar-bhubaneswar-381342,Brown N Cream By Swosti Premium,"Bakery, Snacks, Sweets",--•36 MINS•₹500 FOR TWO
https://www.swiggy.com/restaurants/the-gourmet-by-swosti-premium-sahid-nagar-bhubaneswar-381269,The Gourmet By Swosti Premium,"Chinese, Biryani, Indian",--•55 MINS•₹1500 FOR TWO
https://www.swiggy.com/restaurants/the-cake-room-central-bbsr-nayapalli-bhubaneswar-81825,The Cake Room,Bakery,--•60 MINS•₹140 FOR TWO
https://www.swiggy.com/restaurants/lemon-grass-mayfair-lagoon-nayapalli-bhubaneswar-377213,Lemon Grass - Mayfair Lagoon,"Oriental, Chinese",--•46 MINS•₹2000 FOR TWO
https://www.swiggy.com/restaurants/silver-stick-nayapalli-bhubaneswar-299673,SILVER STICK,"Chinese, Fast Food, Thai",4.0•38 MINS•₹250 FOR TWO
https://www.swiggy.com/restaurants/anna-dosa-point-patia-bhubaneswar-336073,ANNA DOSA POINT,South Indian,--•36 MINS•₹200 FOR TWO
https://www.swiggy.com/restaurants/3q-restaurant-near-hotel-presidency-nayapalli-bhubaneswar-75634,3Q Restaurant,"Indian, Chinese, Tandoor",3.6•51 MINS•₹200 FOR TWO
https://www.swiggy.com/restaurants/belan-sahid-nagar-bhubaneswar-377899,BELAN,"North Indian, Thalis",--•47 MINS•₹300 FOR TWO
https://www.swiggy.com/restaurants/poonams-kitchen-ashok-nagar-old-bbsr-bhubaneswar-111385,Poonam's Kitchen,North Indian,4.1•54 MINS•₹200 FOR TWO
https://www.swiggy.com/restaurants/momos-ashok-nagar-old-bbsr-bhubaneswar-111384,Momo's,Thai,--•45 MINS•₹200 FOR TWO
https://www.swiggy.com/restaurants/the-burger-zone-kiit-square-sahid-nagar-bhubaneswar-73106,The Burger Zone,"Chinese, Indian, Fast Food",3.6•41 MINS•₹100 FOR TWO
https://www.swiggy.com/restaurants/new-south-indian-restaurant-bapuji-nagar-old-bbsr-bhubaneswar-108404,New South Indian Restaurant,South Indian,4.0•44 MINS•₹150 FOR TWO
https://www.swiggy.com/restaurants/super-snax-mayfair-lagoon-nayapalli-bhubaneswar-377092,Super Snax - Mayfair lagoon,"South Indian, Indian",--•44 MINS•₹600 FOR TWO
https://www.swiggy.com/restaurants/kanika-mayfair-lagoon-nayapalli-bhubaneswar-377427,Kanika - Mayfair lagoon,Bengali,--•45 MINS•₹1800 FOR TWO
https://www.swiggy.com/restaurants/mamma-mia-mayfair-lagoon-nayapalli-bhubaneswar-377102,Mamma Mia - Mayfair Lagoon,Continental,--•41 MINS•₹1500 FOR TWO
https://www.swiggy.com/restaurants/nakli-dhaba-mayfair-lagoon-nayapalli-bhubaneswar-376887,Nakli Dhaba - Mayfair Lagoon,Indian,--•48 MINS•₹2000 FOR TWO
https://www.swiggy.com/restaurants/biriyani-box-old-bbsr-bhubaneswar-249163,Biriyani Box,"Biryani, Desserts, Fast Food, Indian, Kebabs",3.8•49 MINS•₹200 FOR TWO
https://www.swiggy.com/restaurants/the-oregano-sahid-nagar-bhubaneswar-297051,The Oregano,"Fast Food, Snacks",3.6•47 MINS•₹200 FOR TWO
https://www.swiggy.com/restaurants/cream-and-spicy-italian-pizza-bapuji-nagar-old-bbsr-bhubaneswar-111453,Cream & Spicy Italian Pizza,Bakery,4.3•45 MINS•₹200 FOR TWO
https://www.swiggy.com/restaurants/the-canteen-nayapalli-bhubaneswar-133830,The Canteen,"North Indian, Chinese, Biryani",3.4•41 MINS•₹250 FOR TWO
https://www.swiggy.com/restaurants/swirls-n-scoops-by-hotel-pushpak-kwality-walls-kalpana-square-old-bbsr-bhubaneswar-116738,SWIRLS 'N' SCOOPS by Hotel Pushpak - Kwality Walls,"Ice Cream, Desserts",4.4•39 MINS•₹100 FOR TWO
https://www.swiggy.com/restaurants/maharaja-ganguram-baramunda-khandagiri-bhubaneswar-135956,Maharaja Ganguram,"Sweets, Fast Food",4.0•44 MINS•₹100 FOR TWO
https://www.swiggy.com/restaurants/red-spicy-sahid-nagar-bhubaneswar-209209,Red Spicy,Biryani,--•31 MINS•₹250 FOR TWO
https://www.swiggy.com/restaurants/99-bakers-street-bapuji-nagar-old-bbsr-bhubaneswar-159199,99 Bakers Street,Bakery,--•41 MINS•₹250 FOR TWO
https://www.swiggy.com/restaurants/keyars-food-multi-cuisine-sahid-nagar-old-bbsr-bhubaneswar-76490,Keyar's Food Multi Cuisine,"North Indian, Chinese",4.0•44 MINS•₹500 FOR TWO
https://www.swiggy.com/restaurants/keyars-kitchen-old-bbsr-bhubaneswar-289704,Keyars Kitchen,"North Indian, Chinese",4.0•50 MINS•₹250 FOR TWO
https://www.swiggy.com/restaurants/mammas-food-junction-old-bbsr-bhubaneswar-264452,MAMMA'S FOOD JUNCTION,"Indian, Chinese, Tandoor, Biryani, Kebabs",4.1•40 MINS•₹300 FOR TWO
https://www.swiggy.com/restaurants/3q-premium-restaurant-near-kalinga-stadium-gate-no-2-nayapalli-bhubaneswar-75644,3Q Premium Restaurant,"Indian, Chinese, Tandoor",3.0•48 MINS•₹200 FOR TWO
https://www.swiggy.com/restaurants/atma-ganguram-sweets-sahid-nagar-bhubaneswar-294096,ATMA GANGURAM SWEETS,"Snacks, Sweets",4.1•40 MINS•₹300 FOR TWO
https://www.swiggy.com/restaurants/xo-cafe-prangan-by-mango-hotels-lakshmi-sagar-old-bbsr-bhubaneswar-111465,XO CAFE - Prangan by Mango Hotels,"Indian, Chinese, Tandoor",4.1•47 MINS•₹350 FOR TWO
https://www.swiggy.com/restaurants/xcuse-bar-prangan-by-mango-hotel-lakshmi-sagar-old-bbsr-bhubaneswar-111457,Xcuse Bar - Prangan by Mango Hotel,"Indian, Chinese, Tandoor",--•43 MINS•₹350 FOR TWO
https://www.swiggy.com/restaurants/refresh-live-id-market-nayapalli-bhubaneswar-84977,Refresh Live,"Continental, Chinese",3.7•36 MINS•₹200 FOR TWO
https://www.swiggy.com/restaurants/refresh-live-cafe-nayapalli-bhubaneswar-121569,Refresh Live Cafe,"Cafe, Italian, Chinese",3.8•42 MINS•₹250 FOR TWO
https://www.swiggy.com/restaurants/sai-krishna-sweets-sahid-nagar-bhubaneswar-376624,SAI KRISHNA SWEETS,"Sweets, South Indian, Fast Food",--•36 MINS•₹200 FOR TWO
https://www.swiggy.com/restaurants/dabba-garam-nayapalli-bhubaneswar-326629,Dabba Garam,"Chinese, Combo, North Indian",3.5•47 MINS•₹200 FOR TWO
https://www.swiggy.com/restaurants/biryani-with-love-nayapalli-bhubaneswar-303354,Biryani With Love,Biryani,3.3•48 MINS•₹250 FOR TWO
https://www.swiggy.com/restaurants/maa-mahamaye-gupchup-chandrashekarpur-bhubaneswar-380217,Maa Mahamaye Gupchup,"Street Food, Snacks, Chaat",4.7•40 MINS•₹80 FOR TWO
https://www.swiggy.com/restaurants/waffle-bites-old-bbsr-bhubaneswar-229488,Waffle Bites,Cafe,4.1•49 MINS•₹200 FOR TWO
https://www.swiggy.com/restaurants/crazy-maggie-and-burger-chandrashekharpur-chandrashekarpur-bhubaneswar-339223,CRAZY MAGGIE & BURGER,"Chinese, Continental, Indian",--•50 MINS•₹400 FOR TWO
https://www.swiggy.com/restaurants/biriyani-bhubaneshwar-chandrashekarpur-bhubaneswar-389349,Biriyani Bhubaneshwar,"Street Food, Indian, Biryani",--•37 MINS•₹200 FOR TWO
https://www.swiggy.com/restaurants/monginis-old-bbsr-bhubaneswar-306802,MONGINIS,"Desserts, Bakery",4.3•36 MINS•₹200 FOR TWO
https://www.swiggy.com/restaurants/go-rolls-old-bbsr-bhubaneswar-355603,Go Rolls,"Indian, Snacks",--•46 MINS•₹250 FOR TWO
https://www.swiggy.com/restaurants/sandhyarani-hotel-press-square-gajapati-nagar-chandrashekarpur-bhubaneswar-121567,Sandhyarani Hotel,Indian,3.9•41 MINS•₹180 FOR TWO
https://www.swiggy.com/restaurants/rice-bowl-goutam-nagar-old-bbsr-bhubaneswar-107516,Rice Bowl,"Indian, Chinese, Tandoor",3.7•48 MINS•₹350 FOR TWO
https://www.swiggy.com/restaurants/annam-nilakanthanagar-nayapalli-bhubaneswar-358033,ANNAM,"South Indian, Snacks, Fast Food, Sweets",3.7•48 MINS•₹250 FOR TWO
https://www.swiggy.com/restaurants/hotel-shirose-lewis-road-old-bbsr-bhubaneswar-107774,Hotel Shirose,"Indian, Chinese, Tandoor",4.1•52 MINS•₹250 FOR TWO
https://www.swiggy.com/restaurants/oasis-lounge-bar-bapuji-nagar-old-bbsr-bhubaneswar-106172,Oasis Lounge Bar,"Indian, Chinese, Tandoor",--•68 MINS•₹300 FOR TWO
https://www.swiggy.com/restaurants/fortune-deli-by-fortune-park-sishmo-bhubaneswar-gautam-nagar-old-bbsr-bhubaneswar-274122,"Fortune Deli By Fortune Park Sishmo, Bhubaneswar","Biryani, Chinese, Continental, Healthy Food, North Indian, Indian, Desserts, Pas...",4.1•52 MINS•₹600 FOR TWO
https://www.swiggy.com/restaurants/hotel-venus-old-bbsr-bhubaneswar-374680,HOTEL VENUS,"Indian, Snacks",3.8•43 MINS•₹200 FOR TWO
https://www.swiggy.com/restaurants/aaharam-restaurant-sahid-nagar-bhubaneswar-264324,AAHARAM Restaurant,"Chinese, Indian",3.3•45 MINS•₹250 FOR TWO
https://www.swiggy.com/restaurants/grill-gharana-jaydev-vihar-nayapalli-bhubaneswar-299791,Grill Gharana,"Indian, Chinese, Tandoor, Grill, Kebabs, Oriya",--•45 MINS•₹750 FOR TWO
https://www.swiggy.com/restaurants/anna-south-indian-sweets-and-tiffin-center-khandagiri-bhubaneswar-376259,ANNA SOUTH INDIAN SWEETS AND TIFFIN CENTER,South Indian,--•31 MINS•₹200 FOR TWO
https://www.swiggy.com/restaurants/barbeque-nation-gajapati-nagar-chandrashekarpur-bhubaneswar-305807,Barbeque Nation,"North Indian, Mughlai, Seafood, Biryani, Desserts, Kebabs",3.8•53 MINS•₹600 FOR TWO
https://www.swiggy.com/restaurants/green-field-multicuisine-hi-tech-road-pandara-rasulgarh-bhubaneswar-107689,Green Field Multicuisine,"Indian, Chinese, Tandoor",3.6•54 MINS•₹300 FOR TWO
https://www.swiggy.com/restaurants/its-from-rosys-kitchen-chandrashekarpur-bhubaneswar-206850,Its From Rosys Kitchen,Oriya,3.4•43 MINS•₹200 FOR TWO
https://www.swiggy.com/restaurants/sristi-food-hut-sahid-nagar-bhubaneswar-377881,SRISTI FOOD HUT,"Indian, Asian, Chinese",4.6•38 MINS•₹250 FOR TWO
https://www.swiggy.com/restaurants/chaturbhuja-legacy-near-chaturbhuja-cottage-old-bbsr-bhubaneswar-273822,CHATURBHUJA LEGACY,"North Indian, Chinese, Tandoor",4.2•48 MINS•₹200 FOR TWO
https://www.swiggy.com/restaurants/the-shade-cafeteria-crp-square-sahid-nagar-bhubaneswar-313741,The shade cafeteria,Indian,--•38 MINS•₹200 FOR TWO
https://www.swiggy.com/restaurants/zingiber-sahid-nagar-bhubaneswar-293926,ZINGIBER,"South Indian, Chinese, Fast Food",4.1•47 MINS•₹500 FOR TWO
https://www.swiggy.com/restaurants/hotel-sony-delta-square-baramunda-khandagiri-bhubaneswar-102387,Hotel Sony,"Indian, Chinese, Biryani",3.8•42 MINS•₹200 FOR TWO
https://www.swiggy.com/restaurants/the-coffee-house-vivekananda-marg-old-bbsr-bhubaneswar-174918,The Coffee House,"Beverages, Fast Food, Desserts",3.5•57 MINS•₹200 FOR TWO
https://www.swiggy.com/restaurants/food-basket-sahid-nagar-bhubaneswar-349112,FOOD BASKET,Beverages,4.0•52 MINS•₹200 FOR TWO
https://www.swiggy.com/restaurants/mughal-mings-opposite-to-reliance-fresh-old-bbsr-bhubaneswar-87319,Mughal Mings,"Indian, Chinese",3.5•56 MINS•₹200 FOR TWO
https://www.swiggy.com/restaurants/the-greenstar-inn-old-bbsr-bhubaneswar-324647,THE GREENSTAR INN,"Biryani, Indian, Thalis, Fast Food, Chinese, North Indian, Desserts, Snacks",3.8•51 MINS•₹200 FOR TWO
https://www.swiggy.com/restaurants/richies-fastfood-and-restaurant-saubhaya-nagar-khandagiri-bhubaneswar-105392,Richie's Fastfood& Restaurant,"Biryani, Chinese, Fast Food, North Indian, Indian",3.9•46 MINS•₹250 FOR TWO
https://www.swiggy.com/restaurants/zero-hour-bakery-chandrashekarpur-bhubaneswar-195222,Zero Hour Bakery,"Bakery, Italian, American",4.2•59 MINS•₹250 FOR TWO
https://www.swiggy.com/restaurants/just-chill-old-bbsr-bhubaneswar-313058,Just Chill,"Bakery, Fast Food",--•41 MINS•₹200 FOR TWO
https://www.swiggy.com/restaurants/hotel-tarini-cottage-chandrasekharpur-chandrashekarpur-bhubaneswar-113100,Hotel Tarini Cottage,"Indian, Chinese, North Indian, Fast Food, Seafood, Thalis, Combo",3.7•50 MINS•₹200 FOR TWO
https://www.swiggy.com/restaurants/woodfire-biriyani-old-bbsr-bhubaneswar-312393,Woodfire Biriyani,"Biryani, North Indian",3.6•55 MINS•₹300 FOR TWO
https://www.swiggy.com/restaurants/bhatia-di-kulfi-ncc-lane-sahid-nagar-bhubaneswar-338640,Bhatia di Kulfi,Desserts,4.0•39 MINS•₹100 FOR TWO
https://www.swiggy.com/restaurants/food-magix-old-bbsr-bhubaneswar-312410,FOOD MAGIX,"Biryani, Indian, Chinese, Thalis, Combo, North Indian, Beverages",4.2•55 MINS•₹200 FOR TWO
https://www.swiggy.com/restaurants/second-wife-kitchen-rasulgarh-bhubaneswar-306136,Second Wife Kitchen,Indian,--•46 MINS•₹200 FOR TWO
https://www.swiggy.com/restaurants/burger-cafe-bjb-nagar-old-bbsr-bhubaneswar-119815,Burger Cafe,Snacks,3.6•60 MINS•₹250 FOR TWO
https://www.swiggy.com/restaurants/bobastic-maitree-vihar-chandrashekarpur-bhubaneswar-315181,BOBASTIC,Beverages,--•56 MINS•₹300 FOR TWO
https://www.swiggy.com/restaurants/girija-hotel-and-fast-food-khandagiri-bhubaneswar-286441,GIRIJA HOTEL AND FAST FOOD,"Indian, Chinese",2.7•43 MINS•₹200 FOR TWO
https://www.swiggy.com/restaurants/radhas-chandrashekarpur-bhubaneswar-299772,RADHA'S,"Indian, Sweets, South Indian, North Indian, Street Food, Fast Food, Chinese",4.2•46 MINS•₹200 FOR TWO
https://www.swiggy.com/restaurants/hungry-birds-niladri-vihar-road-chandrashekarpur-bhubaneswar-73751,Hungry Birds,"Indian, Chinese, Snacks",3.7•63 MINS•₹150 FOR TWO
https://www.swiggy.com/restaurants/mitha-and-pitha-chandrashekharpur-chandrashekarpur-bhubaneswar-119862,Mitha & Pitha,Sweets,4.1•43 MINS•₹100 FOR TWO
https://www.swiggy.com/restaurants/warmoven-cakes-and-desserts-khandagiri-bhubaneswar-349578,Warmoven Cakes & Desserts,"Bakery, Desserts, Ice Cream",4.2•55 MINS•₹200 FOR TWO
https://www.swiggy.com/restaurants/rajvansh-biryani-chandrashekharpur-patia-bhubaneswar-311659,Rajvansh Biryani,"Biryani, North Indian, Mughlai, Chinese, Indian, Desserts",4.0•57 MINS•₹400 FOR TWO
https://www.swiggy.com/restaurants/golden-chillyz-khandagiri-bhubaneswar-299689,Golden Chillyz,"North Indian, Chinese",4.0•50 MINS•₹250 FOR TWO
https://www.swiggy.com/restaurants/mamas-town-pizza-nandankanan-road-chandrashekarpur-bhubaneswar-72274,Mama's Town Pizza,Italian,3.7•55 MINS•₹300 FOR TWO
https://www.swiggy.com/restaurants/indiana-burgers-khandagiri-bhubaneswar-349615,Indiana Burgers,"American, Fast Food, Beverages",4.2•53 MINS•₹200 FOR TWO
https://www.swiggy.com/restaurants/cupcake-bliss-cakes-and-desserts-khandagiri-bhubaneswar-349748,Cupcake Bliss Cakes & Desserts,"Bakery, Desserts",4.3•54 MINS•₹200 FOR TWO
https://www.swiggy.com/restaurants/kaati-zone-rolls-and-wraps-khandagiri-bhubaneswar-349747,Kaati Zone Rolls and Wraps,"Beverages, Fast Food, Snacks",4.1•57 MINS•₹200 FOR TWO
https://www.swiggy.com/restaurants/sundae-everyday-ice-creams-khandagiri-bhubaneswar-349752,Sundae Everyday Ice Creams,"Ice Cream, Juices",3.9•54 MINS•₹100 FOR TWO
https://www.swiggy.com/restaurants/slurpy-shakes-khandagiri-bhubaneswar-349616,Slurpy Shakes,"Beverages, Ice Cream, Juices",3.8•59 MINS•₹150 FOR TWO
https://www.swiggy.com/restaurants/spice-and-chillys-jagmohan-nagar-khandagiri-bhubaneswar-99198,Spice & Chillys,"Indian, Chinese, Tandoor",3.9•58 MINS•₹250 FOR TWO
https://www.swiggy.com/restaurants/waffle-house-jagmohan-nagar-khandagiri-bhubaneswar-97157,Waffle House,"Ice Cream, Desserts",3.8•64 MINS•₹250 FOR TWO
https://www.swiggy.com/restaurants/keshari-garnish-jagamara-khandagiri-bhubaneswar-118941,Keshari Garnish,"Indian, Chinese, Tandoor, Biryani",3.7•57 MINS•₹250 FOR TWO
https://www.swiggy.com/restaurants/biryani-tribe-khandagiri-bhubaneswar-230271,Biryani Tribe,"Biryani, Chinese, Indian",3.5•61 MINS•₹250 FOR TWO
https://www.swiggy.com/restaurants/idli-bhavan-infocity-road-patia-bhubaneswar-78382,Idli Bhavan,"South Indian, Chinese, Indian",4.3•60 MINS•₹200 FOR TWO
https://www.swiggy.com/restaurants/go-cool-chandrashekarpur-bhubaneswar-113291,Go Cool,"Bakery, Continental",4.2•55 MINS•₹200 FOR TWO
https://www.swiggy.com/restaurants/shreelal-food-plaza-khandagiri-bhubaneswar-100222,Shreelal Food Plaza,"Indian, Chinese, Sweets",4.0•56 MINS•₹200 FOR TWO
https://www.swiggy.com/restaurants/the-burger-bites-khandagiri-bhubaneswar-108586,The Burger Bites,"American, Fast Food",4.3•54 MINS•₹150 FOR TWO
https://www.swiggy.com/restaurants/keeva-restaurants-and-banquets-khandagiri-bhubaneswar-100256,Keeva Restaurants & Banquets,"Indian, Chinese, Tandoor",4.0•65 MINS•₹250 FOR TWO
https://www.swiggy.com/restaurants/hot-chilly-resto-nandankanan-road-patia-bhubaneswar-71210,Hot Chilly Resto,"North Indian, Chinese, Biryani",3.8•61 MINS•₹200 FOR TWO
