S.No.,Name,Address,Phone,Website
1,Pets Galaxy,Shop No 4 Waghire Empire Pimpre Morwadi Road Pimpri Pune - 411018 Opposite Finolex Cable,7947219146,https://www.justdial.com/Pune/Pets-Galaxy-Opposite-Finolex-Cable-Pimpri/020P1221117639J9K7W9_BZDET?xid=UHVuZSBQZXQgU2hvcHM=
2,Khushi Pet Shopee,Shop No 6 Daffodil Symbiosis College Road Viman Nagar Pune - 411014 Opposite Corporation Bank,7947195060,https://www.justdial.com/Pune/Khushi-Pet-Shopee-Opposite-Corporation-Bank-Viman-Nagar/020PXX20-XX20-100517155939-E8C5_BZDET?xid=UHVuZSBQZXQgU2hvcHM=
3,Universal Pet,Shop No 1 Sr No 26 Wing No 3 House No 204 Dahiwal Building Sinhgad Road Hingne Khurd Pune - 411051 Near Tarde Colony,7947289238,https://www.justdial.com/Pune/Universal-Pet-Near-Tarde-Colony-Hingne-Khurd/020PXX20-XX20-140219134600-T6K8_BZDET?xid=UHVuZSBQZXQgU2hvcHM=
4,Just Dogs,Shop No  2 Laxmi Plaza Aundh Pune - 411007 Near Gaikwad Petrol Pump,7947205080,https://www.justdial.com/Pune/Just-Dogs-Near-Gaikwad-Petrol-Pump-Aundh/020PXX20-XX20-181212194653-Z4A4_BZDET?xid=UHVuZSBQZXQgU2hvcHM=
5,Arav Pet Shop,Supermall Shop No G 22 Survey No 69/1a/C Salunke Vihar Road Wanowrie Pune - 411040 In Super Mall,7947197358,https://www.justdial.com/Pune/Arav-Pet-Shop-In-Super-Mall-Wanowrie/020PXX20-XX20-130502172748-S5F8_BZDET?xid=UHVuZSBQZXQgU2hvcHM=
6,Dr. Gorhes Pet Cover Advanc..,Pet Cover Karve Road Kothrud Stand Pune - 411029 Near Karve Statue Next to Sutar Bus Stand,7947194006,https://www.justdial.com/Pune/Dr-Gorhes-Pet-Cover-Advanced-Veterinary-Clinic-Near-Karve-Statue-Next-to-Sutar-Bus-Stand-Kothrud-Stand/020PD000354_BZDET?xid=UHVuZSBQZXQgU2hvcHM=
7,Super Pet Shop,Jai GANESH Vishwa ComplexShop No 9 Dhanuri Road Vishrantwadi Pune - 411015 Vishrantwadi ChowkJay Ganesha Vishwa Complex,7947199842,https://www.justdial.com/Pune/Super-Pet-Shop-Vishrantwadi-Chowk-Jay-Ganesha-Vishwa-Complex-Vishrantwadi/020PXX20-XX20-150612105239-N3M4_BZDET?xid=UHVuZSBQZXQgU2hvcHM=
8,Kumars Aquarium And Pets Wo..,Survey No 146/5 Shop No 4 Brt Road Chinchwad Pune - 411033 Opposite Nurshing Temple Ravet Dange Chowk,7947198016,https://www.justdial.com/Pune/Kumars-Aquarium-And-Pets-World-Opposite-Nurshing-Temple-Ravet-Dange-Chowk-Chinchwad/020PXX20-XX20-131201123339-X5B9_BZDET?xid=UHVuZSBQZXQgU2hvcHM=
9,Jays Aquarium and Pet World,Lokmangal Vihar D P Road Aundh Pune - 411007 Opposite Saket Society,9325657846,https://www.justdial.com/Pune/Jays-Aquarium-and-Pet-World-Opposite-Saket-Society-Aundh/020PXX20-XX20-190314155856-W2D1_BZDET?xid=UHVuZSBQZXQgU2hvcHM=
10,Pets Gallery,Shop No : 8 A Building Clarion Park DP Road Gaikwad Nagar-Aundh Pune - 411007 Opposite : Patanjali Store,7947205312,https://www.justdial.com/Pune/Pets-Gallery-Opposite-Patanjali-Store-Gaikwad-Nagar-Aundh/020PXX20-XX20-190126000544-E6H3_BZDET?xid=UHVuZSBQZXQgU2hvcHM=
11,Royals Pets,Pune Bangalore Highway Ravet Pune - 412101 Near BRT Stop,7947202161,https://www.justdial.com/Pune/Royals-Pets-Near-BRT-Stop-Ravet/020PXX20-XX20-170309161930-R9L6_BZDET?xid=UHVuZSBQZXQgU2hvcHM=
12,Viraj Pets,Sr. Paud Raod Kothrud Pune - 411038 Near Vanaz Corner,7947200704,https://www.justdial.com/Pune/Viraj-Pets-Near-Vanaz-Corner-Kothrud/020PXX20-XX20-160204181257-M9R5_BZDET?xid=UHVuZSBQZXQgU2hvcHM=
13,Anvis Pet Shop,Shop No A35 Spine City Mall Spine Road Moshi Alandi - 412105 Spine City Mall,7947201470,https://www.justdial.com/Pune/Anvis-Pet-Shop-Spine-City-Mall-Moshi/020PXX20-XX20-160907112855-B6X8_BZDET?xid=UHVuZSBQZXQgU2hvcHM=
14,Water Babies Aqua Planet Aq..,Water Babies Aqua Planet At Post Jadhavwadi Near Kumar Prince Ville  Shiv Road Moshi Pune - 412105 Near Kumar Prince Ville,7947201577,https://www.justdial.com/Pune/Water-Babies-Aqua-Planet-Aquarium-Pet-Shop-Near-Kumar-Prince-Ville-Moshi/020PXX20-XX20-161007120235-X9F9_BZDET?xid=UHVuZSBQZXQgU2hvcHM=
15,New Pets Fashion,Shop No 7 & 11 Jyoti Building Sant Nagar Sector 4 Moshi Pune - 412105 Opposite Tennis Court,7947199362,https://www.justdial.com/Pune/New-Pets-Fashion-Opposite-Tennis-Court-Moshi/020PXX20-XX20-150205175946-Z8Q2_BZDET?xid=UHVuZSBQZXQgU2hvcHM=
16,Pet Med Veterinary Clinic,Shop 10 Runwal Diamond Complex Undri NIBM Road Undri Pune - 411060 Near Maiss HotelOpposite Palace Orchid Society,7947200013,https://www.justdial.com/Pune/Pet-Med-Veterinary-Clinic-Near-Maiss-Hotel-Opposite-Palace-Orchid-Society-Undri/020PXX20-XX20-150729201308-X5C7_BZDET?xid=UHVuZSBQZXQgU2hvcHM=
17,Wag N Tails Pet Shop,Shope No 103 Orange County Keshav Nagar-Mundhwa Pune - 411036,7947440252,https://www.justdial.com/Pune/Wag-N-Tails-Pet-Shop-Keshav-Nagar-Mundhwa/020PXX20-XX20-210228192551-S6T4_BZDET?xid=UHVuZSBQZXQgU2hvcHM=
18,Sk Pet World,Sr No 94 Sarvoday Colony Mundhwa Keshav Nagar-Mundhwa Pune - 411036 Maharashtra Bank,8045795517,https://www.justdial.com/Pune/Sk-Pet-World-Maharashtra-Bank-Keshav-Nagar-Mundhwa/020PXX20-XX20-210116025514-K5Y3_BZDET?xid=UHVuZSBQZXQgU2hvcHM=
19,Woof Woof Dog Hostel And Ke..,Khadakwasla Road Kothrud Pune - 411038 Near NH4,7947208010,https://www.justdial.com/Pune/Woof-Woof-Dog-Hostel-And-Kennel-Near-NH4-Kothrud/020PXX20-XX20-200121100113-T7Y5_BZDET?xid=UHVuZSBQZXQgU2hvcHM=
20,New Pets Paradise,Shop No. 1 Sutar Niwas Near Panchvati Society Dhankawadi Pune - 411043 Opposite Zambre Heritage Near Panchvati Society,7947348678,https://www.justdial.com/Pune/New-Pets-Paradise-Opposite-Zambre-Heritage-Near-Panchvati-Society-Dhankawadi/020PXX20-XX20-171104160126-L6K4_BZDET?xid=UHVuZSBQZXQgU2hvcHM=
21,5 Star Pets And Pet Clinic,Shop No 10A Kings Square And Queens Tower Building Aundh Pune - 411007 Near Medipoint Hospital,7947195552,https://www.justdial.com/Pune/5-Star-Pets-And-Pet-Clinic-Near-Medipoint-Hospital-Aundh/020PXX20-XX20-110321172601-K6G1_BZDET?xid=UHVuZSBQZXQgU2hvcHM=
22,Pet Club,Serve N.o 207/3 Shop No 4 Dhanraj Park Kaspate Wasti Wakad Pune - 411057 Near Ambience Hotel,7947207116,https://www.justdial.com/Pune/Pet-Club-Near-Ambience-Hotel-Wakad/020PXX20-XX20-191014171039-I4K3_BZDET?xid=UHVuZSBQZXQgU2hvcHM=
23,Pet Junction,Dehu Alandi Road Pune - 412105 Near Veeshali Sweets,7947206210,https://www.justdial.com/Pune/Pet-Junction/020PXX20-XX20-190621153557-Q7S7_BZDET?xid=UHVuZSBQZXQgU2hvcHM=
24,Pet Lovers,Shop No  12 Avishkar Building Sasane Nagar Road Hadapsar Pune - 411028 Near Mantri Market,7947201092,https://www.justdial.com/Pune/Pet-Lovers-Near-Mantri-Market-Hadapsar/020PXX20-XX20-160507140447-M7R8_BZDET?xid=UHVuZSBQZXQgU2hvcHM=
25,Delight Pet Shop And Pet Cl..,Shop No  5 SAI Ganesh Complex Karve Nagar-hingne Budrukh Pune - 411052 Near Corporation Bank And Sahwas Corner,7947194725,https://www.justdial.com/Pune/Delight-Pet-Shop-And-Pet-Clinic-Near-Corporation-Bank-And-Sahwas-Corner-Karve-Nagar-hingne-Budrukh/020PXX20-XX20-091022143423-V1X3_BZDET?xid=UHVuZSBQZXQgU2hvcHM=
26,Pet Inn Salon,B 1 Ashiyana Park North Main Road Koregaon Park Pune - 411001 Opposite Pizza Hut,7947196550,https://www.justdial.com/Pune/Pet-Inn-Salon-Opposite-Pizza-Hut-Koregaon-Park/020PXX20-XX20-120727220556-M9X1_BZDET?xid=UHVuZSBQZXQgU2hvcHM=
27,Gauranjali Pets Services,Sector 2Pritam Prakash Galaxy Indrayani NagrNear Swami Samarth MandirBhosari Bhosari Pune - 411039 Municipal Corporation Pune City,7947208822,https://www.justdial.com/Pune/Gauranjali-Pets-Services-Municipal-Corporation-Pune-City-Bhosari/020PXX20-XX20-210218154554-K3Y7_BZDET?xid=UHVuZSBQZXQgU2hvcHM=
28,Ravi Kennels All Type Dog A..,Narayan Dhore Chal Bhau  Patil Road Bopodi Pune - 411020 Opp Lakadi Wakar Near Akanksha Building,7947258329,https://www.justdial.com/Pune/Ravi-Kennels-All-Type-Dog-Available-Opp-Lakadi-Wakar-Near-Akanksha-Building-Bopodi/020PXX20-XX20-110730191112-N1P9_BZDET?xid=UHVuZSBQZXQgU2hvcHM=
29,Pet Gallery,JAI Gnaesh Vishwa Shop No No A 9 Ground Floor Vishrantwadi  Airport Raod Vishrantwadi Pune - 411015 Near Dhanori Opposite Ganesh Temple,7947209649,https://www.justdial.com/Pune/Pet-Gallery-Near-Dhanori-Opposite-Ganesh-Temple-Vishrantwadi/020PZ002224_BZDET?xid=UHVuZSBQZXQgU2hvcHM=
30,Pets Friends,Gangubai Parande Niwas Dhanori Pune - 411015 Near Bharat Dhaba,7947209097,https://www.justdial.com/Pune/Pets-Friends-Near-Bharat-Dhaba-Dhanori/020PXX20-XX20-180123185036-L5T6_BZDET?xid=UHVuZSBQZXQgU2hvcHM=
31,Petville,Shop No 25 Parmar Square Parmar square Kharadi Pune - 411014 Near Reliance Mart,7947195656,https://www.justdial.com/Pune/Petville-Near-Reliance-Mart-Kharadi/020PXX20-XX20-110512232335-G8T6_BZDET?xid=UHVuZSBQZXQgU2hvcHM=
32,Om Pet Shoppee,North Main Road Behind Kotak Mahindra Bank Lane E Koregaon Park Pune - 411001 Behind Sweet Chariot Hotel  Behind Prem Restaurants,8045796304,https://www.justdial.com/Pune/Om-Pet-Shoppee-Behind-Sweet-Chariot-Hotel-Behind-Prem-Restaurants-Koregaon-Park/020PXX20-XX20-111109103014-Z4X2_BZDET?xid=UHVuZSBQZXQgU2hvcHM=
33,Sachins Aquarium And Pet Sh..,Mariam Manzil  Survey No 78 Shrusti Chowk Road Pimple Gurav Pune - 411061 Near Axis Bank ATM,7947198044,https://www.justdial.com/Pune/Sachins-Aquarium-And-Pet-Shop-Near-Axis-Bank-ATM-Pimple-Gurav/020PXX20-XX20-131210121954-J7X1_BZDET?xid=UHVuZSBQZXQgU2hvcHM=
34,Aqua Magic Pet Shop And Aqu..,Shop No. 5 Sun View 8-A Rasrang Chowk Pimpri Pune - 411018 Near Swami Samarth Mandir,7947202632,https://www.justdial.com/Pune/Aqua-Magic-Pet-Shop-And-Aquarisam-Near-Swami-Samarth-Mandir-Pimpri/020PXX20-XX20-170712134433-S7Q1_BZDET?xid=UHVuZSBQZXQgU2hvcHM=
35,Dr. Pet,Sr No- 8/1 2/1 Lane 6 Madhav Nagar Lohegaon Dhanori Road Dhanori Pune - 411015 Near CT Nursing Home,7947206070,https://www.justdial.com/Pune/Dr-Pet-Near-CT-Nursing-Home-Dhanori/020PXX20-XX20-190531145154-K6P3_BZDET?xid=UHVuZSBQZXQgU2hvcHM=
36,Pet Palace,Shop No 9 Yashdeep Shopping Complex Pune Solapur Road Hadapsar Pune - 411028 Near Kamdhenu Estate,7947195093,https://www.justdial.com/Pune/Pet-Palace-Near-Kamdhenu-Estate-Hadapsar/020PXX20-XX20-100603132628-D3H2_BZDET?xid=UHVuZSBQZXQgU2hvcHM=
37,Dr. Anil Deshpande,101 B 2 Hariganga Tank Road Off Vishrantwadi Road Yerawada Pune - 411006 Opp Alandi Road RTO Near Ram Society Phule Nagar,7947196763,https://www.justdial.com/Pune/Dr-Anil-Deshpande-Opp-Alandi-Road-RTO-Near-Ram-Society-Phule-Nagar-Yerawada/020PXX20-XX20-121009212311-U5G1_BZDET?xid=UHVuZSBQZXQgU2hvcHM=
38,Rudra Pets,Jare Patil Complex  Shop No 1 Kalewadi Main Road Kalewadi Pune - 411017 Near Great Punjab Hotel,7947195840,https://www.justdial.com/Pune/Rudra-Pets-Near-Great-Punjab-Hotel-Kalewadi/020PXX20-XX20-110809164126-K9S2_BZDET?xid=UHVuZSBQZXQgU2hvcHM=
39,Akshat Pet Shoppee,Shop No5 Dr Herekar Park  Kamala Nehru Park Bhandarkar Road Pune - 411004 Off Bhandarkar Rd,9822772616,https://www.justdial.com/Pune/Akshat-Pet-Shoppee-Off-Bhandarkar-Rd-Bhandarkar-Road/020PXX20-XX20-180716140558-Z2T1_BZDET?xid=UHVuZSBQZXQgU2hvcHM=
40,Rudra Pets And Aquarium,Laxmikrupa Society Parma House Nagar Paud Road Pune - 411038 Oppo Bunbury Cafe,9922611383,https://www.justdial.com/Pune/Rudra-Pets-And-Aquarium-Oppo-Bunbury-Cafe-Paud-Road/020PXX20-XX20-170324135505-N3E9_BZDET?xid=UHVuZSBQZXQgU2hvcHM=
41,Pets Life Line Clinic,Kalamkar Corner Baner Pune - 411045 Near Jupiter Hospital,9822406968,https://www.justdial.com/Pune/Pets-Life-Line-Clinic-Near-Jupiter-Hospital-Baner/020PXX20-XX20-190925182428-P3S6_BZDET?xid=UHVuZSBQZXQgU2hvcHM=
42,Petholic,Shop No 31 Nyati Estate Undri Mohammadwadi Road Undri Pune - 411060 Opposite to Delhi Public School Behind Corianthens Club,9545891818,https://www.justdial.com/Pune/Petholic-Opposite-to-Delhi-Public-School-Behind-Corianthens-Club-Undri/020PXX20-XX20-190305122301-D9N9_BZDET?xid=UHVuZSBQZXQgU2hvcHM=
43,Pampered Pets Pune,B 1 301 Landmark Garden Kalyani Nagar Pune - 411014 Next to Trumph Tower,9673562900,https://www.justdial.com/Pune/Pampered-Pets-Pune-Next-to-Trumph-Tower-Kalyani-Nagar/020PXX20-XX20-110311161201-N5Q5_BZDET?xid=UHVuZSBQZXQgU2hvcHM=
44,Pune Aquariums and Pet Shop,Shop No 25/26 Vitthal Complex Bakori Road Near Jspm College Wagholi Pune - 412207 Opp Saraswat Bank,7053685555,https://www.justdial.com/Pune/Pune-Aquariums-and-Pet-Shop-Opp-Saraswat-Bank-Wagholi/020PXX20-XX20-190311110326-T3A4_BZDET?xid=UHVuZSBQZXQgU2hvcHM=
45,Shree Kennels,Plot No 27 Aundh Road IT Park Bopodi Pune - 411020 Behind Shevale Hospital Opposite Ashtvinayak Appartment),020-5818038,https://www.justdial.com/Pune/Shree-Kennels-Behind-Shevale-Hospital-Opposite-Ashtvinayak-Appartment-Bopodi/020PXX20-XX20-150129100257-P6J6_BZDET?xid=UHVuZSBQZXQgU2hvcHM=
46,Ruby Pet Shop,Survey No 866 Balaji Housing Society Raviwar Peth Pune - 411002 Near Rcm High School Opposite Agarwal Dairy,9623558552,https://www.justdial.com/Pune/Ruby-Pet-Shop-Near-Rcm-High-School-Opposite-Agarwal-Dairy-Raviwar-Peth/020PXX20-XX20-140919174200-W7B7_BZDET?xid=UHVuZSBQZXQgU2hvcHM=
47,Balaji Pet Shop,Survey No. 102/12 Wagholi Road Lohgaon Viman Nagar Pune - 411014 Opposite Rajpurohit Sweet,8793380302,https://www.justdial.com/Pune/Balaji-Pet-Shop-Opposite-Rajpurohit-Sweet-Viman-Nagar/020PXX20-XX20-180101135938-U3F1_BZDET?xid=UHVuZSBQZXQgU2hvcHM=
48,Just Dogs,Ground Floor Shop No 4a Hermes Waves Kalyani Nagar-Yerawada Pune - 411006,020-48600045,https://www.justdial.com/Pune/Just-Dogs-Kalyani-Nagar-Yerawada/020PXX20-XX20-180117092523-C3D1_BZDET?xid=UHVuZSBQZXQgU2hvcHM=
49,Aquarium Mall,Gurumurti Plot No 15 Survey No14 80 Feet Dp Road Pimple Nilakh Pune - 411027 Brahmavrund ColonyVishal Nagar,9552590049,https://www.justdial.com/Pune/Aquarium-Mall-Brahmavrund-Colony-Vishal-Nagar-Pimple-Nilakh/020PXX20-XX20-150106123438-D1I5_BZDET?xid=UHVuZSBQZXQgU2hvcHM=
50,Pets Spot,Basement Varsha Square Baner Road Baner Pune - 411045 Near Varsha Park Near Bhairavee Hotel,20-65006912,https://www.justdial.com/Pune/Pets-Spot-Near-Varsha-Park-Near-Bhairavee-Hotel-Baner/020PXX20-XX20-090817102428-Q8A4_BZDET?xid=UHVuZSBQZXQgU2hvcHM=
51,Pets Glorious,Shop No 1 Ayodhya Complex Bibvewadi Pune - 411037 Bharat Jyoti Bus Stop Opposite Canara Bank,7947200970,https://www.justdial.com/Pune/Pets-Glorious-Bharat-Jyoti-Bus-Stop-Opposite-Canara-Bank-Bibvewadi/020PXX20-XX20-160405124338-P6R4_BZDET?xid=UHVuZSBQZXQgU2hvcHM=
52,Janhavi Pets and Kennels,Flat No 11 Shree Datta Apartment Sinhagad Road Manik Baug Pune - 411051 Opposite Bramha Hotel Manik Baug,7947193618,https://www.justdial.com/Pune/Janhavi-Pets-and-Kennels-Opposite-Bramha-Hotel-Manik-Baug-Manik-Baug/020P1238654704I7U5B5_BZDET?xid=UHVuZSBQZXQgU2hvcHM=
53,Harish Pathak Pets And Kenn..,Aai Bungalow Shiv Shambho Society Survey No 7/1 Thergaon Pune - 411033 New English School,7947193720,https://www.justdial.com/Pune/Harish-Pathak-Pets-And-Kennels-New-English-School-Thergaon/020P5017375_BZDET?xid=UHVuZSBQZXQgU2hvcHM=
54,Pets Magic,Tathawade Chowk Brt Road Chinchwad Pune - 411033 Near Maruti Temple,9822456237,https://www.justdial.com/Pune/Pets-Magic-Near-Maruti-Temple-Chinchwad/020PXX20-XX20-171024121957-G9C7_BZDET?xid=UHVuZSBQZXQgU2hvcHM=
55,R C Pets Shopee,Shop No 10 Dolphin Plaza Sector No 26 Akurdi Station Ganganagar Road Nigdi Pradhikaran Pune - 411044 Near KTM SHOWROOM,8605559789,https://www.justdial.com/Pune/R-C-Pets-Shopee-Near-KTM-SHOWROOM-Nigdi-Pradhikaran/020PXX20-XX20-130613135356-U1G3_BZDET?xid=UHVuZSBQZXQgU2hvcHM=
56,Pets World,Shop No 2407 United Apartments East Street Camp Pune - 411001 Next to Corporation Bank,9822043370,https://www.justdial.com/Pune/Pets-World-Next-to-Corporation-Bank-Camp/020PG002109_BZDET?xid=UHVuZSBQZXQgU2hvcHM=
57,Chirag Aquarium,Sr.no.28/1 Madhuban Colony Sai Corner Pimple Saudagar Pune - 411027 Near Jagtap Dairy,9890665090,https://www.justdial.com/Pune/Chirag-Aquarium-Near-Jagtap-Dairy-Pimple-Saudagar/020PZE01125_BZDET?xid=UHVuZSBQZXQgU2hvcHM=
58,Aquadunia,Plot No 35 Scheme No 3Survey No 120A and 120B Shravan Apartments Navasha Maruti Lane Panmala-dattawadi Pune - 411030 Next Bajaj Auto Showroom Pula Deshpande GardenSinghgad Road,9175620804,https://www.justdial.com/Pune/Aquadunia-Next-Bajaj-Auto-Showroom-Pula-Deshpande-Garden-Singhgad-Road-Panmala-dattawadi/020PXX20-XX20-160908142929-K8N7_BZDET?xid=UHVuZSBQZXQgU2hvcHM=
59,Albino Fisheries,Plot No 326 Vitthal Mandir Lane Navi Peth-Sadashiv Peth Pune - 411030 Near Ganjwe Chowk,9890921017,https://www.justdial.com/Pune/Albino-Fisheries-Near-Ganjwe-Chowk-Navi-Peth-Sadashiv-Peth/020PF004009_BZDET?xid=UHVuZSBQZXQgU2hvcHM=
60,Aquatic Biotopes,Shop No 1 Borate Plaza IT Park Road Kharadi Pune - 411014 Opposite Alcon Renaissant Near Kharadi Water Tank,9822795161,https://www.justdial.com/Pune/Aquatic-Biotopes-Opposite-Alcon-Renaissant-Near-Kharadi-Water-Tank-Kharadi/020PXX20-XX20-150818125643-V3Y7_BZDET?xid=UHVuZSBQZXQgU2hvcHM=
61,Khushi Pet Shop,Shop No 112 Victoria Complex Forteliza Kalyani Nagar-yerawada Pune - 411006 Opposite to Gold Adlabs,9595923738,https://www.justdial.com/Pune/Khushi-Pet-Shop-Opposite-to-Gold-Adlabs-Kalyani-Nagar-yerawada/020PG002974_BZDET?xid=UHVuZSBQZXQgU2hvcHM=
62,Pets Empire,Shop No 6 Ganraya Heights Dhankawadi Road Dhankawadi Pune - 411043 Rajmudra Society Near Padma Palace Restaurant,8484852356,https://www.justdial.com/Pune/Pets-Empire-Rajmudra-Society-Near-Padma-Palace-Restaurant-Dhankawadi/020PXX20-XX20-141225185835-S9X3_BZDET?xid=UHVuZSBQZXQgU2hvcHM=
63,Pets Glorious,Sector No 26 Shop No 2 Nigdi Pune - 411044 Near Mourya Petrol Pump Vijay Market Sambhaji Chowk,9881101155,https://www.justdial.com/Pune/Pets-Glorious-Near-Mourya-Petrol-Pump-Vijay-Market-Sambhaji-Chowk-Nigdi/020PXX20-XX20-110408152046-Q2K5_BZDET?xid=UHVuZSBQZXQgU2hvcHM=
64,Neel Pet Care,Shop No 1 Prabha Housing Society Bhushan Apartment Kothrud Pune - 411038 Near Aviraj Lodge Mayur Colony,7083213741,https://www.justdial.com/Pune/Neel-Pet-Care-Near-Aviraj-Lodge-Mayur-Colony-Kothrud/020PXX20-XX20-110525131815-C7Z8_BZDET?xid=UHVuZSBQZXQgU2hvcHM=
65,Preety Pets Grooming Salon,Shop No 2 NIBM Road NIBM-Kondhwa Khurd Pune - 411048 Opposite Parmar Recidency,7947202514,https://www.justdial.com/Pune/Preety-Pets-Grooming-Salon-Opposite-Parmar-Recidency-NIBM-Kondhwa-Khurd/020PXX20-XX20-170608105245-M5K1_BZDET?xid=UHVuZSBQZXQgU2hvcHM=
66,Dhanus Kennels,1071 Lane No 9 Shukrawar Peth Pune - 411002 Near Hotel Peacock Hira Bag Subhash Nagar Colony,20-24476963,https://www.justdial.com/Pune/Dhanus-Kennels-Near-Hotel-Peacock-Hira-Bag-Subhash-Nagar-Colony-Shukrawar-Peth/020PXX20-XX20-100129115300-K2R2_BZDET?xid=UHVuZSBQZXQgU2hvcHM=
67,Twix And Butch Professional..,Prithvi Megh Apartment Ground Floor No 2 Lane No.2 A Kalyani Nagar Pune - 411014 Next to Flour World,9764686911,https://www.justdial.com/Pune/Twix-And-Butch-Professional-Pet-Salon-Spa-And-Boutique-Next-to-Flour-World-Kalyani-Nagar/020PXX20-XX20-150521111002-P9M9_BZDET?xid=UHVuZSBQZXQgU2hvcHM=
68,Petsworld,Shyamal Apartment Anand Park ITI Road Aundh Pune - 411007 Next to Crossword Book Store,020-25897321,https://www.justdial.com/Pune/Petsworld-Next-to-Crossword-Book-Store-Aundh/020PG002110_BZDET?xid=UHVuZSBQZXQgU2hvcHM=
69,Kerala Pet Shop,Shop No 672 Pimpri Pune - 411018 Near Arya Samaj Chowk Shagun Chowk,9765818986,https://www.justdial.com/Pune/Kerala-Pet-Shop-Near-Arya-Samaj-Chowk-Shagun-Chowk-Pimpri/020PXX20-XX20-110117173751-P9Z9_BZDET?xid=UHVuZSBQZXQgU2hvcHM=
70,Heads Up For Tails,Shop No 3 Ground Floor 10 North Building North Avenue Road Kalyani Nagar-Yerawada Pune - 411006 Kalyaninagar,9730512666,https://www.justdial.com/Pune/Heads-Up-For-Tails-Kalyaninagar-Kalyani-Nagar-Yerawada/020PXX20-XX20-171009160548-H7L5_BZDET?xid=UHVuZSBQZXQgU2hvcHM=
71,Pet Star,Shop No. 1 Swami Shardha Apt Nda Pashan Road Bavdhan Pune - 411021 Near Ghule Wines,7391903304,https://www.justdial.com/Pune/Pet-Star-Near-Ghule-Wines-Bavdhan/020PXX20-XX20-160606191516-H1U8_BZDET?xid=UHVuZSBQZXQgU2hvcHM=
72,Rohit Pet Shop,Shop No 3 Link Road Pimpri Pune - 411018 Opposite Pavan Trader,8888581422,https://www.justdial.com/Pune/Rohit-Pet-Shop-Opposite-Pavan-Trader-Pimpri/020PXX20-XX20-141022125123-Y3S3_BZDET?xid=UHVuZSBQZXQgU2hvcHM=
